{
	"UserReviews": [
		{
			"user": "",
			"userPic": "images/Alain_Chevalier.png",
			"rating": 10,
			"quote": "",
			"date": "now",
			"template": true
		},
		{
			"user": "Alain Chevalier",
			"userPic": "images/Alain_Chevalier.png",
			"rating": 10,
			"quote": "Super! I've waited years for a product like this, and it's finally here. Can't wait to try all the flavors that were delivered!",
			"date": "2016-01-31",
			"template": false
		},
		{
			"user": "Donna Moore",
			"userPic": "images/Donna_Moore.png",
			"rating": 9.5,
			"quote": "Magnificent! Ice cream from this machine is simply delicious.",
			"date": "2016-04-30",
			"template": false
		},
		{
			"user": "Elena Petrova",
			"userPic": "images/Elena_Petrova.png",
			"rating": 6,
			"quote": "I've tasted better, and I've tasted worse. It's acceptable by my standards.",
			"date": "2015-08-31",
			"template": false
		},
		{
			"user": "John Miller",
			"userPic": "images/John_Miller.png",
			"rating": 7,
			"quote": "Having this smart little helper at home making ice cream for me, I have time to soak in the tub. Awesome!",
			"date": "2014-02-28",
			"template": false
		},
		{
			"user": "Julie Armstrong",
			"userPic": "images/Julie_Armstrong.png",
			"rating": 5,
			"quote": "I was so happy when it arrived. Too bad the company hasn't invested more in the technology. However, I was underwhelmed by the ice cream expulsion pressure.",
			"date": "2013-05-31",
			"template": false
		},
		{
			"user": "Laurent Dubois",
			"userPic": "images/Laurent_Dubois.png",
			"rating": 8,
			"quote": "Nice! I can make my own tomato ice cream.",
			"date": "2013-05-31",
			"template": false
		},
		{
			"user": "Monique Legrand",
			"userPic": "images/Monique_Legrand.png",
			"rating": 2,
			"quote": "Unfortunately, this appliance only comes with a limited range of flavors, none of which I like and the ice cream it makes is way too cold. Such a shame.",
			"date": "2013-08-09",
			"template": false
		},
		{
			"user": "Richard Wilson",
			"userPic": "images/Richard_Wilson.png",
			"rating": 4.5,
			"quote": "Ice Cream, you scream. Because it's too damn cold. That's basically the only problem I have with this product.",
			"date": "2016-03-04",
			"template": false
		}
	]
}
